{"is_source_file": false, "format": "", "description": "", "external_files": [], "external_methods": [], "published": [], "classes": [], "methods": [], "calls": [], "search-terms": [], "state": 2, "file_id": 1, "knowledge_revision": 14, "git_revision": "cac0fc650121fbcf6a0d6de3490599aa50b58a7c", "hash": "d001d53c059625c4bcf75bf5a7f3fcf0", "format-version": 4, "code-base-name": "recipe_frontend", "filename": "recipe_frontend/package.json", "revision_history": [{"14": "cac0fc650121fbcf6a0d6de3490599aa50b58a7c"}]}