{"is_source_file": false, "format": "", "description": "", "external_files": [], "external_methods": [], "published": [], "classes": [], "methods": [], "calls": [], "search-terms": ["CSS", "App.css", "CSS variables", "theme management", "dark mode", "responsive design", "media queries", "variable definitions", "theme toggle button"], "state": 2, "file_id": 5, "knowledge_revision": 19, "git_revision": "cac0fc650121fbcf6a0d6de3490599aa50b58a7c", "hash": "22f9e17cc1848b56dbb244518ac2707e", "format-version": 4, "code-base-name": "recipe_frontend", "filename": "recipe_frontend/src/App.css", "revision_history": [{"19": "cac0fc650121fbcf6a0d6de3490599aa50b58a7c"}]}