{"is_source_file": false, "format": "", "description": "", "external_files": [], "external_methods": [], "published": [], "classes": [], "methods": [], "calls": [], "search-terms": [], "state": 2, "file_id": 11, "knowledge_revision": 21, "git_revision": "cac0fc650121fbcf6a0d6de3490599aa50b58a7c", "hash": "ebece526bc2eadd78ddd787a76c56607", "format-version": 4, "code-base-name": "recipe_frontend", "filename": "recipe_frontend/README.md", "revision_history": [{"21": "cac0fc650121fbcf6a0d6de3490599aa50b58a7c"}]}