{"is_source_file": true, "format": "JavaScript (React JSX)", "description": "This file defines the main React application component 'App' for a frontend web app, including state management for theme toggling, UI rendering, and event handling.", "external_files": ["./logo.svg", "./App.css"], "external_methods": [], "published": ["App"], "classes": [], "methods": [{"name": "App()", "description": "React functional component that manages theme state and renders the application's main UI.", "scope": "", "scopeKind": ""}, {"name": "toggleTheme", "description": "Function to switch between 'light' and 'dark' themes, updating state accordingly."}], "calls": ["React.useState", "React.useEffect", "document.documentElement.setAttribute", "setTheme", "prevTheme => prevTheme === 'light' ? 'dark' : 'light'"], "search-terms": ["React App component", "theme toggle", "useState", "useEffect", "App.css", "logo.svg"], "state": 2, "file_id": 6, "knowledge_revision": 23, "git_revision": "cac0fc650121fbcf6a0d6de3490599aa50b58a7c", "ctags": [{"_type": "tag", "name": "App", "path": "/home/kavia/workspace/code-generation/recipe-explorer-319653-319664/recipe_frontend/src/App.js", "pattern": "/^function App() {$/", "language": "JavaScript", "kind": "function", "signature": "()"}, {"_type": "tag", "name": "Switch to ${theme === 'light' ? 'dark' : 'light'} mode", "path": "/home/kavia/workspace/code-generation/recipe-explorer-319653-319664/recipe_frontend/src/App.js", "pattern": "/^          aria-label={`Switch to ${theme === 'light' ? 'dark' : 'light'} mode`}$/", "language": "JavaScript", "kind": "field", "scope": "App.aria", "scopeKind": "class"}, {"_type": "tag", "name": "toggleTheme", "path": "/home/kavia/workspace/code-generation/recipe-explorer-319653-319664/recipe_frontend/src/App.js", "pattern": "/^          onClick={toggleTheme}$/", "language": "JavaScript", "kind": "field", "scope": "App.onClick", "scopeKind": "class"}], "hash": "b55dd9e6a018e59207d8e277dffd9e11", "format-version": 4, "code-base-name": "recipe_frontend", "filename": "recipe_frontend/src/App.js", "fields": [{"name": "aria-label={`Switch to ${theme === 'light' ? 'dark' : 'light'} mode`}", "scope": "App.aria", "scopeKind": "class", "description": "unavailable"}, {"name": "onClick={toggleTheme}", "scope": "App.onClick", "scopeKind": "class", "description": "unavailable"}], "revision_history": [{"23": "cac0fc650121fbcf6a0d6de3490599aa50b58a7c"}]}