{"is_source_file": true, "format": "JavaScript", "description": "This file is a setup configuration for Jest testing environment, importing custom matchers for DOM assertions.", "external_files": ["@testing-library/jest-dom"], "external_methods": [], "published": [], "classes": [], "methods": [{"name": "expect(element).toHaveTextContent", "description": "Custom matcher from jest-dom for asserting DOM node text content."}], "calls": ["import '@testing-library/jest-dom'"], "search-terms": ["setupTests.js", "jest-dom", "testing-library", "Jest setup", "DOM assertions"], "state": 2, "file_id": 10, "knowledge_revision": 25, "git_revision": "cac0fc650121fbcf6a0d6de3490599aa50b58a7c", "ctags": [], "hash": "1a77571e1a8cf36018a41bcedf60db75", "format-version": 4, "code-base-name": "recipe_frontend", "filename": "recipe_frontend/src/setupTests.js", "revision_history": [{"25": "cac0fc650121fbcf6a0d6de3490599aa50b58a7c"}]}