{"is_source_file": false, "format": "", "description": "", "external_files": [], "external_methods": [], "published": [], "classes": [], "methods": [], "calls": [], "search-terms": [], "state": 2, "file_id": 4, "knowledge_revision": 18, "git_revision": "cac0fc650121fbcf6a0d6de3490599aa50b58a7c", "hash": "be6538e7523bc2e9da0743133d784136", "format-version": 4, "code-base-name": "recipe_frontend", "filename": "recipe_frontend/eslint.config.mjs", "revision_history": [{"18": "cac0fc650121fbcf6a0d6de3490599aa50b58a7c"}]}