{"is_source_file": false, "format": "", "description": "", "external_files": [], "external_methods": [], "published": [], "classes": [], "methods": [], "calls": [], "search-terms": [], "state": 2, "file_id": 9, "knowledge_revision": 17, "git_revision": "cac0fc650121fbcf6a0d6de3490599aa50b58a7c", "hash": "6c2104b8d219ed99234ae2d6329f4357", "format-version": 4, "code-base-name": "recipe_frontend", "filename": "recipe_frontend/src/index.css", "revision_history": [{"17": "cac0fc650121fbcf6a0d6de3490599aa50b58a7c"}]}