{"is_source_file": true, "format": "JavaScript (React JSX)", "description": "This file appears to be the entry point for a React-based web application, setting up rendering of the main App component into the DOM.", "external_files": ["react", "react-dom/client", "./index.css", "./App"], "external_methods": ["ReactDOM.createRoot", "root.render"], "published": ["React", "ReactDOM"], "classes": [], "methods": [{"name": "ReactDOM.createRoot", "description": "Creates a React root for rendering the component tree into a specified DOM element."}, {"name": "root.render", "description": "Renders the React component tree into the DOM."}], "calls": ["ReactDOM.createRoot", "root.render"], "search-terms": ["ReactDOM", "entry point", "render", "root", "index.js"], "state": 2, "file_id": 8, "knowledge_revision": 24, "git_revision": "cac0fc650121fbcf6a0d6de3490599aa50b58a7c", "ctags": [{"_type": "tag", "name": "root", "path": "/home/kavia/workspace/code-generation/recipe-explorer-319653-319664/recipe_frontend/src/index.js", "pattern": "/^const root = ReactDOM.createRoot(document.getElementById('root'));$/", "language": "JavaScript", "kind": "constant"}], "hash": "9fc5841375336fc175b49f8767a11383", "format-version": 4, "code-base-name": "recipe_frontend", "filename": "recipe_frontend/src/index.js", "revision_history": [{"24": "cac0fc650121fbcf6a0d6de3490599aa50b58a7c"}]}