{"is_source_file": false, "format": "", "description": "", "external_files": [], "external_methods": [], "published": [], "classes": [], "methods": [], "calls": [], "search-terms": [], "state": 2, "file_id": 2, "knowledge_revision": 15, "git_revision": "cac0fc650121fbcf6a0d6de3490599aa50b58a7c", "hash": "d9d975cebe2ec20b6c652e1e4c12ccf0", "format-version": 4, "code-base-name": "recipe_frontend", "filename": "recipe_frontend/public/manifest.json", "revision_history": [{"15": "cac0fc650121fbcf6a0d6de3490599aa50b58a7c"}]}