{"is_source_file": false, "format": "", "description": "", "external_files": [], "external_methods": [], "published": [], "classes": [], "methods": [], "calls": [], "search-terms": [], "state": 2, "file_id": 3, "knowledge_revision": 16, "git_revision": "cac0fc650121fbcf6a0d6de3490599aa50b58a7c", "hash": "d2b40d02d5f7873d8a6713bad837edd4", "format-version": 4, "code-base-name": "recipe_frontend", "filename": "recipe_frontend/public/index.html", "revision_history": [{"16": "cac0fc650121fbcf6a0d6de3490599aa50b58a7c"}]}